exploration_rate,exploration_decay,min_exploration_rate,mean_final_nmi,std_final_nmi,mean_reward,std_reward
0.8982714934301166,0.591717394933082,0.03898455001363848,0.33096077863847273,0.24356331735680406,0.7030675,0.1526490966031244
0.7984250789732436,0.7229163764267956,0.004998745790900146,0.3118970254449277,0.23744330496779992,0.6959075,0.16585564564931154
0.7296244459829336,0.666854305569511,0.007143340896097041,0.3289706602250037,0.23460837077457927,0.7204600000000001,0.1753192328297155
0.8254442364744266,0.5282057895135501,0.036099938613341244,0.3320313445571751,0.2416004828396238,0.7056225,0.15462114584929837
0.9692763545078752,0.5003893829205072,0.04961057796456089,0.35361486092983535,0.2337471883159267,0.7088524999999999,0.15146987157104874
0.8087407548138583,0.8058265802441404,0.0003533152609858704,0.3190326551370566,0.31854934066418533,0.41583,0.12155672996588877
0.5115312125207079,0.7623873301291946,0.01999304858576278,0.3551301444398686,0.24836492955784648,0.7327075,0.17464706752118683
0.5233328316068078,0.9868777594207296,0.011638567021515216,0.458930697047244,0.33290839182455323,0.7471075,0.17422509059762317
0.5453032172664104,0.8091930046665436,0.019123099563358142,0.3570179470557051,0.23962898080542336,0.7219475,0.1619247618301475
0.9916154429033942,0.7333814466239901,0.042997020336816044,0.353159095043183,0.23828424609004875,0.7278049999999999,0.1555456347024885
0.5,1.0,0.03867912751643734,0.05915693706934962,0.05180529650560231,0.4334,0.0521607371496991
0.5,0.9911087810420381,0.0007705221714565698,0.4706145167603393,0.3303492310976142,0.7238225,0.17030430776627467
0.5,0.5,0.006591223604252006,0.28353499792029246,0.22196020326259724,0.7029775,0.17150154006232715
0.5,1.0,0.0060683486143697455,0.05426047263132105,0.04413292510930297,0.42738,0.055081830942698334
0.7233263823032122,0.9893446677005926,0.03809912178319291,0.42805500149349074,0.30364185302846397,0.7358525,0.17064711979330327
0.5,0.9892860182391208,0.04617210003195926,0.3602763697668055,0.2793688968878738,0.6988249999999999,0.1561997339146261
0.8447284363860521,0.9889419555283221,0.0,0.4745873812599375,0.3084496815133069,0.7333725,0.1589071033457913
0.9374837534136751,0.9827082330033693,0.0,0.48851369723205756,0.3599370299919375,0.7133149999999999,0.17412100899948862
0.5943383063982526,0.9791917301962307,0.0,0.5148731159857892,0.3425685647069105,0.6369600000000001,0.1608410811950728
0.9704477154703017,0.97792744668956,0.047805361203929544,0.3837025338489182,0.2878184828652632,0.7154900000000001,0.16689923576817242
0.5809419683574497,0.9747679756711791,0.0,0.424919895464718,0.36138292202246036,0.5700025,0.14051890884770632
0.7366794004713072,0.8218432385278939,0.04910311505563072,0.3222107773869496,0.2408841232522973,0.6907099999999999,0.15455331086715676
0.7573793036484824,0.959191302088567,0.0,0.49471009255091575,0.34121633755702657,0.5408575,0.13422986233975656
0.7016797176577045,0.9546431360720515,0.0005286597817259784,0.5030755020861083,0.3492134239679608,0.6025725,0.16508860043549342
0.5215788851134887,0.9564614394000994,0.05,0.340035925584371,0.25090603394711475,0.6999150000000001,0.1552194664821394
0.973356448661794,0.9493477021218053,0.0,0.517605632054218,0.33997847558414246,0.55212,0.16042157149211575
0.6144871923629351,0.9445354487718851,0.0,0.4580901268799275,0.36484972524706766,0.471345,0.13990880413683765
0.6284667075506263,0.9514445683506507,0.0,0.42074732686629096,0.33147098793761764,0.4958175,0.12112844605521032
1.0,0.954941275892802,0.0,0.5012997569439563,0.33491913895078146,0.5749724999999999,0.15348020391486975
1.0,0.9457742910649929,0.04575089672993113,0.43014162506045284,0.28872677535951985,0.7458875,0.17073074882325678
1.0,0.9356860039494178,0.0,0.5155982779980745,0.3527825276511032,0.5076525,0.1363109881621801
1.0,0.9301408770800412,0.0,0.47117437353471053,0.3381979122965953,0.48377,0.13871436335145687
1.0,0.9349850752086821,0.05,0.3516580963451652,0.26170021854877196,0.7160225,0.16729617671587715
1.0,0.9398748245509452,0.0,0.43804683637203823,0.34120265134712074,0.5141675,0.14611628312323716
0.6677342460628741,0.9193901825749766,0.0,0.40039239431411894,0.33596515562411505,0.4042175,0.1179323172152146
0.9310302680018779,0.8960521031460706,0.00017098154080925378,0.44561665456853744,0.3486536744968177,0.45653999999999995,0.13309861344131274
0.8064805024795858,0.8862830765625038,0.006052216590145836,0.39162665189520446,0.3081862938789451,0.7154824999999999,0.18287329204602296
0.6052050059261775,0.9033153844316121,0.05,0.3483297955671217,0.2501949147454077,0.7134725000000001,0.16318071422122774
0.9913016906904132,1.0,0.0021999651174287103,8.398737093016334e-05,8.73767728969927e-05,0.25205500000000003,0.009716582475335665
0.9731589586020551,0.9644824745360433,0.0,0.4580084168077058,0.3337522136198618,0.59521,0.14044847240180294
0.9778715685080102,0.62906198642445,0.04915755119211299,0.31412013606410716,0.22588590409760945,0.6856675,0.14397498287462998
0.909033121290488,0.8593094744935166,0.0022822156521089933,0.36494583494280003,0.2768468300076263,0.6187975,0.1496168364314324
0.7034468791266856,0.5598255829601495,0.0012218711496686599,0.20380114642604974,0.2562813901829878,0.4838525,0.11495881651160993
0.7843823121019692,0.6943874169692063,0.048583776816321624,0.3205713750368499,0.24912333706178183,0.692415,0.16004241711183945
0.5853925064358696,0.7823107132974629,0.05,0.32246333529386034,0.24720977147075998,0.6843725,0.16099707293534873
0.6160684804011591,0.8433349712958945,0.05,0.35201188476633677,0.2547204825521012,0.7168350000000001,0.1616237692141846
0.5311462830183835,0.8735428070736769,0.05,0.31027378780521403,0.2361331575626648,0.681095,0.15154275296100436
0.5391091182077246,0.9337481391277219,0.0,0.351389809000214,0.3303520409852449,0.41951499999999997,0.11641741611545929
0.5,0.9821983209968597,0.0,0.46410778247997864,0.3463567151649496,0.613845,0.15469719931207546
1.0,0.957783338949679,0.0,0.46014337544727313,0.35433373826443854,0.563715,0.14347521136070857
0.5,0.6100115167618847,0.0,0.13962644839167657,0.23991051955638432,0.2797225,0.062378195258840245
1.0,1.0,0.0003850819821713344,6.89567022617692e-05,6.694769574779475e-05,0.24997,0.009516911263640114
1.0,0.9467958069274709,0.0,0.44473330335545813,0.33662647106176424,0.5265325,0.14219726682939443
0.5,0.6485351511955415,0.05,0.3483000940907585,0.23398071966271503,0.7135525000000001,0.1478915007488598
1.0,0.7476865880488688,0.0,0.288341280172525,0.3225593724191969,0.33381249999999996,0.10267223867117148
1.0,0.8926823401028774,0.05,0.33112700558262004,0.24788522082192427,0.6953174999999999,0.16409596412998706
1.0,0.9792031171072824,0.0,0.476147397739593,0.3340986273794757,0.6895175,0.1630265114751279
1.0,0.9514718898911518,0.0,0.4484196903651677,0.3189009130024869,0.5606525000000001,0.13355625404207022
1.0,0.5141906310577408,0.05,0.3774037699969059,0.24170548556558158,0.7254275,0.16292273780461092
0.5526973350392969,0.5780480475833086,0.05,0.34575039179289435,0.2299122171423298,0.709215,0.1512544339019521
0.742497162312205,0.6811280197968612,0.0,0.21780761989964362,0.279476557507842,0.3163975,0.07986371669131108
0.5,0.708714464984293,0.05,0.3490109847211247,0.24146703528337396,0.703885,0.15459858270695756
1.0,0.9235610222220844,0.05,0.3388810262600462,0.24634754889820987,0.7039650000000001,0.16199143117770148
1.0,0.9089043289297362,0.0,0.4073156633660527,0.3384547942365949,0.44058749999999997,0.12615726730454332
1.0,0.9855054087815717,0.0,0.4470953402213368,0.32537096106875546,0.710085,0.1644315595468218
0.9716683020071151,0.5421797293164803,0.05,0.35308754699387096,0.232859852289212,0.7096775,0.1491588909309465
0.5,0.8335069683357395,0.0,0.2534718885528698,0.30627132881591757,0.3158925,0.08200281820614459
0.9235891974721018,0.6400775793187928,0.0,0.21686345534824292,0.2845130300540552,0.3122275,0.07639587353875864
0.5,0.795465351160489,0.05,0.3598999916853296,0.25076754933938344,0.7205175,0.16033287543030594
1.0,0.7724567472576394,0.0,0.3341817742130179,0.348415037837058,0.3417475,0.09888728428746539
0.5,0.9617949406891233,0.0,0.44039080647143863,0.3711479164654953,0.49440000000000006,0.14053451533342265
1.0,0.6581831709723756,0.05,0.3618013181230731,0.2519346968862765,0.7235475,0.15525214650287447
0.5,0.8536395313681722,0.05,0.3571185676714279,0.2460920145776861,0.71737,0.1577446769307922
1.0,0.9670860269376513,0.05,0.4159935210968356,0.2810584851628634,0.7326975000000001,0.1707715645057748
0.5,0.518190181029636,0.0,0.14940204830190343,0.23341415678842226,0.2817625,0.06130452547528609
0.5,0.9008685881395306,0.0,0.3423050705526142,0.3013485330641194,0.376185,0.10772242466172027
1.0,0.9703952826670763,0.0,0.5175771339628785,0.3492307678372783,0.6430425000000001,0.16119843188986052
1.0,0.9719639072745073,0.0,0.5042810815703958,0.3513990898848401,0.6480724999999999,0.15454164808798304
1.0,0.9691881676543463,0.0,0.48888106682872445,0.341543932498042,0.6283225000000001,0.1467227904715215
1.0,0.7045053786986768,0.0,0.31220549755285276,0.31320052528550035,0.3231675,0.09567800527681375
1.0,0.9747089772623589,0.0,0.4682781873312241,0.3288929115778519,0.6640225000000001,0.1574623946971149
1.0,0.7899459088716612,0.0,0.351254831668973,0.3311473308629666,0.35459,0.0979830949705101
0.5,0.9857061403208645,0.0,0.4621670403013377,0.3155174365517724,0.66511,0.1544341377416276
0.5,0.9687439892105834,0.0,0.4515694306492537,0.3194478749202756,0.5104025,0.12985722638247746
1.0,0.5821271761755401,0.0,0.2327614262211078,0.3075667274803498,0.30720749999999997,0.08480442614480685
1.0,0.8484947652370037,0.0,0.3558699593514643,0.3421861659056049,0.365135,0.10533807134649847
1.0,0.8743122797606602,0.0,0.4147697216650525,0.3605972362870487,0.40252750000000004,0.12383041021392928
0.5,0.7502778620099064,0.05,0.32298558070836214,0.23083582405008457,0.7047999999999999,0.147398838190808
1.0,0.9663562326413866,0.0,0.47973560848144214,0.34288111934694343,0.6203375,0.13270718648117744
0.5,0.5401103744731599,0.0,0.12737177692419502,0.23946703198344985,0.28547249999999996,0.06271134661088056
0.5,0.9834595528207094,0.0,0.4252555981813655,0.32970230224654445,0.619285,0.15537188862532372
0.5,0.6697849121146485,0.05,0.33598317544994183,0.24302794449628207,0.7024549999999999,0.1490401052569408
1.0,0.8058410368998232,0.05,0.35753712791058945,0.2281421209446546,0.7249774999999999,0.14551252778970614
0.6034361658356838,1.0,0.00039294843697715656,0.03129318025438808,0.02520755298180414,0.38161249999999997,0.031045951326219654
1.0,0.7658722388728596,0.05,0.34107428010944246,0.2518161039050552,0.7131325000000001,0.16493795407288767
1.0,0.9604092331675672,0.0,0.47750778947014255,0.3519963813968677,0.6039249999999999,0.16077412532805146
1.0,0.7192154084819489,0.05,0.3426480989100915,0.2510299900867751,0.7090675000000001,0.16217696104487223
1.0,0.9796345202359401,0.0,0.5168802685961651,0.3314964131126598,0.7049825000000002,0.15168891997687242
1.0,0.9804792462617846,0.0,0.46039516594773855,0.35189241120337517,0.6865625,0.1657921359526742
0.5,0.8686990220673219,0.0,0.27197263344362665,0.30076550500312016,0.33873000000000003,0.09430182712970094
1.0,0.8617492226021335,0.05,0.35900787471288453,0.23787926020754857,0.7153025,0.1573129118786821
1.0,0.9247496931901569,0.0,0.4735439066565023,0.33750942921664273,0.46779,0.135773030827186
0.5,0.729103102393768,0.05,0.3814344311366621,0.24962041241238764,0.7390925,0.15044807308088065
1.0,0.5655557031788547,0.05,0.3291991212771627,0.23846330785505243,0.6981274999999999,0.16016903568964258
0.5,0.6563693608970481,0.0,0.1490882462997298,0.2518563490674652,0.292775,0.06916206962634938
1.0,0.9553546855243729,0.021865782937580416,0.4407147659379382,0.2982376488889261,0.7469549999999999,0.16885316986956447
0.5,0.7359507522209842,0.0,0.19027398541144344,0.2607871278167376,0.295675,0.07605504174609333
1.0,0.9830152000851062,0.019913415399212396,0.43380799304990786,0.3208797642348442,0.7361325,0.1727668839614525
1.0,0.973032602854188,0.0,0.460538006885835,0.35210725084441896,0.6418325,0.15745674229371698
1.0,0.9280734364589625,0.0,0.3993240797640544,0.32421382863576825,0.48033249999999994,0.12322601467932816
1.0,0.9434205508549329,0.0,0.44811777132939296,0.3424651440738814,0.51354,0.1304717915873006
1.0,0.8835376714879881,0.0,0.44064980899229467,0.3491443316163394,0.421695,0.11494229845883543
1.0,0.9629042223066494,0.0,0.48435068198264064,0.32998635358846046,0.57601,0.13221127939778812
0.9851678994237543,0.6056869318204514,0.05,0.35459151700437525,0.2244712299159326,0.7179425,0.15725288691706107
0.5154705694407217,0.9794473643490975,0.03242937482643227,0.39508712904061327,0.2770611564702975,0.7224550000000001,0.15690698032592432
0.5048150793588183,0.5537388698362353,0.05,0.3354186107355625,0.24230968058514432,0.7041475000000001,0.1573138645947966
0.9770587814179682,0.677824377152205,0.048703941447535315,0.34514598518357803,0.24598524172912895,0.70796,0.16066943828868016
1.0,0.9562607539690815,0.0,0.44949623194823424,0.3593964581448768,0.554135,0.15162102187691523
0.9983551205849184,0.9119071788573203,0.045197161810266014,0.3276491502885645,0.25191595666475974,0.6972149999999999,0.15818036785581197
0.5065078141105749,0.7812300183471821,0.0011373415160810072,0.25759552184624485,0.2746833013404186,0.5048024999999999,0.12356834037790586
0.9949153284049349,0.9689451887150284,0.013979768305887106,0.41183401580573187,0.3392067428739445,0.72929,0.18202816650178072
0.9700320556685054,0.8184388884893404,0.0015766983835697806,0.36829410850520533,0.30606898491569606,0.5840099999999999,0.14251170092311718
0.9906533286033891,0.8917256146037522,0.0004447588828721484,0.4201592788617387,0.3313174133555773,0.49865499999999996,0.13721693035117785
0.9964407407168296,0.9781169720753382,0.001153318465875634,0.492982293069484,0.34418694822576307,0.7169249999999999,0.16894345762710078
0.9964410017181622,0.835872397996734,0.04800429757753105,0.3277732873521269,0.2515653068288736,0.70539,0.16414419849632214
0.5074100975471364,0.9832121961386002,0.0016071235063208292,0.4626712088697518,0.35335398296639475,0.7001475,0.16702887323379154
0.5071706894525685,0.5126393902009573,0.04882935500126524,0.3582174479387963,0.23080234191255963,0.7138725000000001,0.1529290685048137
0.5027626572936753,0.5256723062126986,0.049342467168430326,0.3412088278202329,0.24061286437741639,0.7044575000000001,0.16135723393684584
0.5186096704431125,0.6161674231809854,0.049959096491949594,0.3687333207174916,0.24557807497934703,0.7282275,0.15392018871398905
0.5063401123743625,0.5997245361134076,0.04942005284997186,0.34836411256077016,0.24126534291208176,0.7160725000000001,0.15564459031315542
0.9986717366280041,0.944225387392202,0.021555260707317454,0.4336823635527727,0.3117841615988553,0.7373075,0.1667533033968143
0.504929579462585,0.9729734540217837,0.0001994334348975058,0.4336604180305481,0.34502385531398627,0.56397,0.13585078799918682
0.9976461429984532,0.9805828477324336,0.002583111144750034,0.5106852880478,0.33592005259778335,0.75438,0.1689424845916503
0.9934634281866903,0.8500103899939427,0.04879862794719046,0.3518770174569477,0.2593109003925072,0.7179025,0.16124266415483837
0.9935053402915623,0.9826744370223315,0.003084989893602231,0.46962086635742933,0.33160836656292414,0.7337100000000001,0.17218038041542363
0.9761969281983855,0.9138533966422056,0.0003807428333479247,0.46929157197510385,0.34119095231008795,0.514595,0.13754969456527338
0.5001202350111871,0.9538419601738621,0.0011831094993934813,0.39922465971068677,0.3271375003719787,0.59198,0.15591631441257195
0.9939687901052225,0.9766352488721828,0.000666802212011164,0.471962332436416,0.3541844455710696,0.68369,0.15854729231368161
0.9810660850749378,0.9836980529512491,0.0014961337760286747,0.4641009755689427,0.34131194275373666,0.7254999999999999,0.17270779513386186
0.9990518398372233,0.8824770431885396,0.04856311740309353,0.3102888801566497,0.2425844211174508,0.6824775,0.16104584981846007
0.9955309113085549,0.9208768510594612,0.0008179793274143645,0.4403643266323106,0.32017043173112336,0.5864775,0.1389971429337668
0.9997177449916632,0.9488459648958377,0.0004562496745820045,0.4657828488489335,0.35525745906801887,0.5909675,0.13506384673090724
0.9923679934289555,0.9607829240977294,0.0003356021545512068,0.4817989060928072,0.3221567530583275,0.6270625,0.14713261821822518
0.9995451445070997,0.7907288041436829,0.04719120535440086,0.3557214859028977,0.24452231973670288,0.7226325,0.1526365902847348
0.50127784081212,0.9821522031209176,0.000349719896255657,0.45738478772721813,0.3301950462492923,0.64331,0.1522830223629673
0.9905854918474146,0.7602137130028911,0.00460124085366937,0.3213125790374509,0.24382770948360957,0.6858025000000001,0.15091050243024837
0.9898972499108126,0.9525944639741017,0.04948607146447063,0.360347128951134,0.2791602344136166,0.70863,0.16959731896465818
0.9737355962777707,0.9631418543881782,0.0005578825497869478,0.45090414924598704,0.3525318718906446,0.6349075,0.15193722451641006
0.5214204847324975,0.638394711375348,0.049188348501860935,0.3511942334561827,0.23339513294845088,0.7142975,0.15284273860327813
0.9975114805869274,0.9089601469541183,0.0005080956518433434,0.4705798934705173,0.3420121758838366,0.5372475,0.14297284705058508
0.9665328625153123,0.9818006075387091,0.00027853106078308825,0.5047138154953462,0.33351884777813073,0.7152775,0.16080400101909778
0.9940803504635142,0.9490603679246271,0.0004541659615233785,0.4574522724914054,0.32175853592040693,0.5827549999999999,0.13929195050325055
0.992495633941505,0.8975962424311946,0.001102967950676226,0.44358361193077883,0.3144001659566816,0.5746625000000001,0.12990768777770623
0.9651978422949432,0.9376843826142325,0.00016876982343992934,0.4970137025746018,0.33704374041997764,0.5223475,0.13661907075423257
0.9675648708908733,0.9363862232021816,0.00030133726167209116,0.4704080779386737,0.3471696695104001,0.53599,0.12911378663798845
0.9656011227222094,0.9784817307625975,6.274376220335999e-05,0.467932342261115,0.3363519127487226,0.6806975,0.1624227731685123
0.52894246887072,0.5016312697326024,0.04911113684470775,0.35023372203958225,0.2409196654659815,0.7159675,0.1605165340198635
0.9897289651081664,0.9055213813052901,1.7765782358603046e-05,0.45145119111164606,0.3585314388726486,0.45698,0.12945005639241722
0.9966351670046105,0.5832868055357825,0.048730965715623985,0.34078178469019976,0.24634370192094038,0.6941675,0.16596453896465352
0.507014823669311,0.7111041104031726,0.00457918869364169,0.3177161622586268,0.2312510164932173,0.70174,0.1642978466079212
0.9922040108455417,0.9128454270108843,0.000167555809756953,0.46213974722781015,0.3412983683033293,0.486375,0.12810134415766292
0.9837658416049082,0.9836448789469563,0.0010259855279958544,0.47788060223034295,0.34295326070711646,0.7243875,0.16871176187139414
0.9878316206400201,0.9848913548257381,0.049584448746793644,0.3565384221254948,0.28106057531364187,0.6962725000000001,0.16174514519375843
0.9970447878006539,0.6439320034439915,0.0476886190243597,0.36062579452937954,0.22515934219146305,0.7221275,0.15263135324614663
0.9989136778084247,0.9413123304085471,0.00032906660066364126,0.4884477667416093,0.3566437268045164,0.5639949999999999,0.14307626454097827
0.9451423169643043,0.7430330139788341,0.04975089780791031,0.34507985638234856,0.24922154069019034,0.7075325000000001,0.15617727169389917
0.997208387204042,0.9405169822837072,0.001001794491363123,0.41276475736078583,0.3308977206488304,0.605955,0.14375679279602754
0.5081788598858528,0.9822337490912416,0.0010476568839151103,0.48975285640816146,0.33069505398842347,0.6885050000000001,0.1568394082333901
0.9994861092232132,0.9744647545138061,0.0010233852843142325,0.5019686044958813,0.33598209163769394,0.7094875,0.1590367444767089
0.5250786524283563,0.9788235159492801,0.0013440895691837656,0.4829802848006496,0.34826710434872504,0.68521,0.16618996931223015
0.9855384650117763,0.5260932956147863,0.049883643903517016,0.3519909260332863,0.2409242384739334,0.7101999999999998,0.15318884587332068
0.9791260888295925,0.9581498617250753,0.00029763715734555397,0.5006382704401608,0.3574448418268311,0.6062625,0.1446943842854656
0.9788222641501909,0.9228249604317647,0.00041017477930670464,0.4457160715418152,0.3402084868917923,0.521895,0.13024618602861276
0.5150458682981796,0.9849715616492875,0.00018260844410922244,0.47227078099678166,0.34434406802972617,0.6685424999999999,0.16020141055480755
0.9550563544566619,0.9704873384933597,0.00011593047850970709,0.4522298246088194,0.34630289274829845,0.6412925,0.15424053680453137
0.9997471360431943,0.955707584091349,0.001142060154354141,0.4436825136848298,0.34064299338977405,0.6403675,0.15033189513123954
0.5074434739383767,0.9116543169394684,0.0032505913375363744,0.37617662414335556,0.28254942207115896,0.6639400000000001,0.15335515609199452
0.9966668392418512,0.6653974419603481,0.04904872948274856,0.33454639908610956,0.24461578978663806,0.7000725,0.15970171725360377
0.99478059147125,0.9669052355414773,0.00011714763417826627,0.4783454917448986,0.33063939951326565,0.6149275,0.1514325130008414
0.9993666527096162,0.8995177362278609,0.0007248071941804882,0.4089426281495568,0.32877536912040284,0.5301425000000001,0.1368674210458793
0.9588915743171156,0.7071530590571333,0.04992226267903366,0.2989444757281254,0.22934098104670134,0.6784975,0.1455590816258127
0.5037689763465617,0.8832961593111726,0.0016566895845486766,0.2911652030492167,0.27038631355747134,0.57282,0.13707159662016052
0.5122107229815677,0.6831777268049967,0.04952000740786844,0.3397305326720276,0.2328401065105876,0.7030300000000002,0.15613987030864346
0.9953779233026322,0.9799387668758408,0.0016591628416799402,0.48672003931578656,0.3366323251385982,0.7304775000000001,0.16858193332546048
0.5113154276119986,0.9421386070257192,0.04155146487572941,0.37296861168480056,0.2881106289946781,0.7201525,0.17736674010013825
0.5068040160247331,0.5373310804410494,0.04953151196377933,0.3634296482067521,0.24462747904423016,0.7185775,0.15726214656982782
0.5066723219396925,0.8132281389178734,0.04980305491662118,0.3135504244311333,0.22239797221519042,0.6882725,0.14779250486323722
0.5013280914562716,0.9731676298864365,0.04736722769608301,0.33872932822888074,0.2738715648585643,0.6989599999999999,0.165163959143634
0.9942703155459138,0.6189738988503675,0.049809461829736584,0.3329739166703956,0.2259972940023559,0.7012975,0.14679488323422585
0.5067086074681924,0.6954537478718317,0.00043040592482043185,0.18527406714614147,0.26342328336970655,0.3877875,0.10684995832357634
0.9954444054577408,0.5005809977331999,0.0011545288679726709,0.2610543351447422,0.26326207695233955,0.49691500000000005,0.1188530091120961
0.9886947868870155,0.7580408630134796,0.04948103422674983,0.30714675796627766,0.23510981327655092,0.69001,0.15511371602795157
0.9957448308381192,0.9619777868505619,0.017065573614596555,0.42810953399831997,0.3093033808365606,0.72897,0.16503323634953052
0.9991428246052734,0.9392656042802525,0.020159157768161864,0.408900472551785,0.3155588111356593,0.7224324999999999,0.1793549321701246
0.9975396266018599,0.9803415117631693,0.01354043032825634,0.4385937300039111,0.3439912319101201,0.7298249999999998,0.18505143710601116
0.5026834781790923,0.7721862278399136,0.049899689103608376,0.3682906008587567,0.25111367069612583,0.7223225,0.1549867808677566
0.5156203032164848,0.9803821827337746,0.0006389133806037341,0.515253255759545,0.3409731129023706,0.6660624999999999,0.15318611178481553
0.9705649005193033,0.9819767581293879,0.0005734083491045484,0.4930171448106273,0.33862725751709827,0.7299825000000001,0.16348084274235317
0.9979763744926096,0.9199687429040193,0.001046899020772857,0.4573686544759566,0.3288623864159404,0.59914,0.14727473612266292
0.5108927093209645,0.5879530236471104,0.049474011543063405,0.3225720684575458,0.23199836330855922,0.69389,0.15438519326671193
0.9858819954383746,0.9717162919936784,1.7038610263181435e-05,0.48645176348803004,0.3444450998462639,0.6533025000000001,0.16034101079807997
0.9929689989794854,0.915371609546739,0.00020374479674823982,0.4520211872250556,0.33500004283980733,0.4851875,0.14328653493524784
0.5185303052298079,0.9619781525472328,0.00043472705350441356,0.43987611974557594,0.3413434209110865,0.5548275,0.13542449554548838
0.9991802765536622,0.9039656677552796,0.01905385949602172,0.3955137715763709,0.27833030585099683,0.7200875000000001,0.16869550555290438
0.9934998538621506,0.9786593426050958,3.4057328760978005e-05,0.5173925819043484,0.32419434400397074,0.7095474999999999,0.1549858348164438
0.52940145066593,0.9806541390966919,6.088933531914754e-05,0.4800832436024832,0.33812183173025795,0.633415,0.146964214266603
0.5499881968216627,0.9416911750760938,0.00025031712184654946,0.4095231373657927,0.3262703708451194,0.47639499999999996,0.12357606554264464
0.533966599198323,0.9830528366641563,0.0009884120076375515,0.45865487497932833,0.3243144660453672,0.68523,0.15968453932676138
0.9463107989619783,0.9841822464102981,0.00026467001084822813,0.45359325336806583,0.332705507805346,0.7053575,0.16208410916480986
0.5359506952836188,0.7970268459899554,0.002193189601590246,0.2964237306970866,0.2428501458328558,0.5918975,0.13779120343385495
0.5117959017991635,0.7243618117166349,0.04976709759554949,0.32556657735084343,0.24381587217266718,0.7127899999999999,0.16160265591876885
0.9990630428197201,0.982454510482995,0.00028458907662438085,0.48748164270502964,0.31736512292184277,0.7206950000000001,0.15680504448199362
0.9950792939204667,0.9723587489068419,0.000562635352435903,0.4949236996478043,0.32598854806661476,0.6873724999999999,0.15223572180585607
0.5197759081816259,0.5701590347874839,0.04948640952795121,0.3420537735393249,0.23774708074351314,0.7089924999999999,0.1516746062917257
0.513771280350092,0.9838132019207952,0.01871548015153497,0.42216426309755817,0.3108302576540013,0.730375,0.16978504608769288
0.9988015134721719,0.9777402852322841,0.0006540849315793631,0.4993214182339372,0.344179033122266,0.7056025000000001,0.1696220673843766
0.9870428267891695,0.8701513161567334,0.026235577596203742,0.36187185478832345,0.2640600176724377,0.7099275,0.1664807075722289
0.9816971426327105,0.9475591332092606,0.00024243931368641007,0.4154824799980744,0.32974673178772523,0.5400125,0.13621609153749054
0.9835318644262863,0.9769203042720297,0.0008341489467401433,0.4515319550741805,0.35011913205242134,0.6889524999999999,0.1660025873104091
0.9983852749652635,0.7762618347358886,0.04787814472617527,0.33449415937609034,0.21961695876091317,0.7133499999999999,0.1448764214770644
0.5069487237367888,0.6268358972401594,0.003569239825393595,0.2476088109082192,0.20672943459675455,0.6478975,0.15928141210998226
0.9835155780003895,0.8259964677078282,0.00033206255935585026,0.361076442901286,0.31967766885570637,0.43394750000000004,0.12702483416147411
0.9973040099826933,0.5529332621013833,0.04943958111615244,0.35117879199216434,0.234593468683736,0.7238825,0.1613235799371871
0.9703231630632294,0.9328139774768291,6.432729536358652e-05,0.4453974738824933,0.33544431092200405,0.4983475,0.12073938045952529
0.5084001382423711,0.9260290057753747,0.03182103707531677,0.35140015385148243,0.24532098380783382,0.7217775000000001,0.15908693140465685
0.990450016989062,0.9656628117304091,0.0010209500696254316,0.4883048916021629,0.346872920842016,0.6604325,0.1569117560724817
0.9693550623746765,0.9836509306080468,7.735040610329927e-05,0.4629606411781403,0.35471559513013357,0.70347,0.17197707434422765
0.9713461653943141,0.958024137366287,2.507270875860002e-05,0.4314599491213906,0.3644833467631188,0.5695,0.13658332621517166
0.5237961785980516,0.9790299972806553,0.00018157735000441384,0.5085037016856108,0.34435235294497823,0.6286025,0.152786397443457
0.5683388999345865,0.975708374570794,0.000354272123585886,0.4503416315146852,0.32489860321117153,0.6159300000000001,0.12957721674738965
0.9896543600983004,0.9153586323212779,0.0001797568141361617,0.42633775634724486,0.3327324410072467,0.46844750000000007,0.1340834665189933
0.5062711734200476,0.628320183300645,0.04871934766244213,0.3118070481461129,0.23441776979252055,0.6898875,0.15350071203010754
0.5521505227005862,0.9853629178140243,0.0002192663935987938,0.47857790560252644,0.3550149948628886,0.6786474999999998,0.17137177274495938
0.5062155219480864,0.8525616959619018,0.005040317508422517,0.3442070283661867,0.24893346295598462,0.7158224999999999,0.1626729763782233
0.5147976758316114,0.818169094056499,0.0005571343394556062,0.2628975474535482,0.2948198369754072,0.43550250000000007,0.11075031035509562
0.9653424605876673,0.9776603471798074,0.0003505352554608988,0.45886965207121355,0.34773105105053004,0.6774375,0.16621125817389748
0.9774974712287341,0.8004051356647719,0.04987919422476274,0.3695361874810042,0.23746161601301863,0.718185,0.14959895813474103
0.987787940559762,0.8872806359769545,0.00018202896572258603,0.4576847661011712,0.34512801556434236,0.44908250000000005,0.12566067182595356
0.9977992001319844,0.8385904054934292,0.001849355824772814,0.3722778553708993,0.3003570395120682,0.5872625,0.1463584208159886
0.5026871420091015,0.9852950774472995,0.00041276031980541097,0.5258542480484875,0.3447404312815327,0.7024449999999999,0.16076393244443857
0.9880250073680614,0.8762825764813748,0.00021186475266513633,0.3952387840012523,0.3258790757098853,0.4466075,0.12994542005684542
0.9908259703305328,0.815855828927204,0.038949754001113585,0.3536725247326406,0.27229719238356903,0.7098325,0.16887058119681472
0.5129633512178035,0.7563612589566859,0.0011214877207266162,0.22717575327910197,0.2472560229537437,0.49387499999999995,0.12055128317442332
0.9896486609066035,0.960540011412629,0.04984708962829068,0.3407266940741941,0.28495349165538564,0.697615,0.17670639992654483
0.5091942149897072,0.5747445883356394,0.0031118280778542127,0.2573509567516211,0.2113262036019416,0.6350075000000001,0.14819705190640603
0.9901487563191425,0.509099768096503,0.049762228690892536,0.3199741403649472,0.22877473970529286,0.6972525,0.1494108011281313
0.5117389799932427,0.9648389783568709,0.0008441295157775366,0.46556796578536647,0.35673726114993287,0.609405,0.14710153287780517
0.9912282948534873,0.964903048211597,3.688519070829123e-05,0.4779018600413524,0.33681412221627033,0.612145,0.14462363733152336
0.9820643670142295,0.7192626337771298,0.0012149407079964374,0.28607527166324603,0.25786188833261936,0.5162925,0.1259783441459285
0.9745653899314564,0.5967037378528337,0.0003659189260972918,0.22749951626416823,0.29452053553933927,0.3893525,0.10367232993306362
0.5121458354433855,0.9260374087573515,0.0009667414770198004,0.33656667830005704,0.31215647205501956,0.5280225000000001,0.12506028843621783
0.5050426025186591,0.9546986972519208,0.0010328815424909712,0.4207234003252395,0.326426063814449,0.58906,0.14384686788387158
0.9985976849003486,0.8047502052788903,0.0005437496915653484,0.3950319026772878,0.321379481084772,0.47188500000000005,0.11721613274204197
0.5007223122356647,0.9152719259558308,0.047790842782791734,0.34765148828818093,0.22279797361414824,0.7104599999999999,0.14156312514210753
0.9968777756462518,0.8648673139238717,0.0006395779402527781,0.37827245225164446,0.34579745228525677,0.5041924999999999,0.13503053059863906
0.5022449894448866,0.8306543828750745,0.04928559588589919,0.329406651600294,0.23756113101505952,0.699435,0.15668821996244645
0.9972095639288843,0.6878076515223558,0.04965853788443543,0.3213762412905084,0.24102161115016357,0.695855,0.15229358645392785
0.515416961516964,0.892679028595681,0.04869694709158409,0.35465232323508494,0.245869326189544,0.7144775,0.1617283857081063
0.502672351012777,0.9326222758893021,0.049986639778482576,0.361928937169973,0.2634096536863926,0.7228975,0.16005086142770367
0.9994358439020675,0.9315449465925931,0.02323314299870284,0.4003522294054585,0.27248727495482233,0.7227175,0.15512184386394456
0.9907793542856889,0.9746555900498799,0.017545986913742883,0.44007370406564533,0.31735967201444265,0.738955,0.17250234918690238
0.9877949412782019,0.5989249668862658,0.049906800315987765,0.35147282594580503,0.2428709509493436,0.7194575000000001,0.15235389540064279
0.9980525391768169,0.6695748662896349,0.0009904100274969077,0.30423135890302255,0.30829976792210584,0.50012,0.12093617366197758
0.9994703222232512,0.6195870420947577,0.0016934841580552144,0.2735193594869574,0.26500986020380235,0.5374475,0.1135517877171029
0.9728371128951031,0.8935274406347419,0.0174985602639239,0.3714622259672774,0.2791413229541733,0.73053,0.170258572765074
0.9946242524729811,0.7956000558926758,0.022780978333046986,0.39435587322779275,0.2738694125130723,0.7429675,0.17571915858479972
0.5062542154655999,0.7633783338575747,0.049553403750180046,0.31359482921821596,0.23550236279266357,0.6855199999999999,0.15474425546688317
0.9977193605556336,0.8545732776889263,0.025519647212642795,0.3427401153455893,0.23879308713362224,0.7099924999999999,0.15488262876691497
0.5278803883195919,0.9491068172643069,0.022868272242252054,0.3593584119134682,0.29178563579843764,0.7158800000000001,0.17783718143290506
0.5165118689487184,0.9846795443282602,0.01954282588948328,0.4550338881727377,0.34066465233403037,0.7464175000000001,0.1843065976674465
0.9834693514705567,0.5354897059369378,0.04907457977102825,0.3099911109013731,0.2441266989417087,0.6859625,0.15514974168122228
0.5198980079793015,0.6587448414487345,0.04920252705940652,0.3432338038249155,0.24027871437616874,0.7014575000000001,0.15754335734568437
0.5031846812713273,0.7403786413509835,0.04941097102415629,0.34380779633736297,0.2357382653118142,0.7094875,0.14818434834269778
0.9983925365395664,0.9180715822049885,0.021033689736887587,0.3882669179575858,0.27561470334608745,0.7236325000000001,0.16877215763789358
0.5265168255923481,0.9847483467462196,0.00035428208191408693,0.507007178715787,0.35516757922729797,0.6923124999999999,0.1694993026349961
0.5038206011158235,0.8600922206704917,0.049761277921528124,0.3158938810128694,0.226993610732582,0.69089,0.1527003123768907
0.7296204878100898,0.9786260607966262,3.887476849556705e-06,0.44640356652197655,0.33514162627801475,0.6313175000000001,0.1515151987219434
0.5494082048263279,0.5000195700395683,0.049709181454015816,0.35535722578907164,0.22883133025773042,0.7258499999999999,0.14665166211127645
0.9986091452213499,0.9834235139985186,0.019818335158909302,0.4057073044559786,0.31077020458855154,0.719685,0.17094120560882914
0.9924746815787566,0.966149734947416,0.00013099479993341492,0.4850215335506309,0.3495204473931909,0.6235,0.15716745051059394
0.5063060498251837,0.9860447654188151,0.0010094362862689613,0.46801448198914897,0.3348211530915545,0.6946675,0.16199922281835183
0.9946369614512927,0.7819519567547992,0.025038511437992808,0.3490871629009096,0.26058335696909557,0.7194674999999999,0.16905701758208677
0.9963559641026357,0.8055212965094267,0.025425169479056577,0.3752111283413532,0.23627315267638396,0.71998,0.15412835430250982
0.9976678428101899,0.8280767485195333,0.028540846440934877,0.379790996378864,0.25829857656973965,0.72785,0.16810598591364911
0.5390129697172097,0.98293915699494,0.04971552541961854,0.35834011562714096,0.26713912881952623,0.7068549999999999,0.16169324808105007
0.506330710684509,0.9660345557094748,0.000988522769839151,0.44484783457216054,0.33569200879758065,0.6095425,0.1497659572257661
0.9994438880188075,0.574515726775457,0.04986087798365835,0.34254809841732964,0.22139663186952097,0.7072125,0.14041394551023056
0.9962679608611757,0.6521288446288667,0.03104051058493175,0.37023296336917483,0.2510399643725479,0.730875,0.16714907829539472
0.5042118136880769,0.5468880706340735,0.04917770664689846,0.33839388923906794,0.23122221175408755,0.721275,0.1501966273755839
0.9995137394653879,0.8402157156496696,0.021765538476445745,0.3944508786419671,0.287910314987585,0.7382,0.17658662180357831
0.9967282898893781,0.9373837508541185,0.00046889697164093644,0.49431915021396017,0.3446930122230408,0.580305,0.1288230257950806
0.5134095627628543,0.8444924352586942,0.02581065084937545,0.3477987846107375,0.2526514289477203,0.7214224999999999,0.1722006903114793
0.5060897318794564,0.9837335421667079,0.00041243316125298425,0.4857374005865161,0.3430290551431185,0.664045,0.15063091639832774
0.7926625710190021,0.981664890494248,4.3464920819069624e-05,0.49996800527845037,0.3424354442100087,0.68974,0.1596494516119614
0.9977185085177611,0.528859952620835,0.0015846046285165564,0.27281508424537043,0.25887563763651894,0.53467,0.14385235868764892
0.9964115352404548,0.5473146632545701,0.01692869120990461,0.3796581256367118,0.2507809164191838,0.7430150000000001,0.16187814020120195
0.8024423189522134,0.982807154548134,0.00013488888956493254,0.4779066183440034,0.3528626104148686,0.6951975,0.1729531287480802
0.7292162795891082,0.9833160363479345,0.010107428367963776,0.46783668700656156,0.31611684650510447,0.7426975,0.16956400633315433
0.7631877779427358,0.9778864769292955,0.001024183252278066,0.4670562215882146,0.33959046433986073,0.690295,0.16035096031829682
0.8010809997733432,0.983214839522347,0.00028348020881001086,0.4314824220857898,0.3338568312047782,0.6799699999999999,0.16230766802588226
