exploration_rate,exploration_decay,min_exploration_rate,gamma,mean_final_nmi,std_final_nmi,mean_reward,std_reward
0.8474072401451748,0.7958586974665409,0.03898455001363848,0.9596850157946487,0.3652740184135878,0.2259539980334956,0.7080150000000001,0.13774783945674066
0.5843745646401934,0.7749937289545007,0.022962444598293365,0.9333708611139022,0.3689894069634099,0.23559014651678425,0.7232425,0.14741015040949518
0.35715011344145564,0.9127221182372133,0.0028205789513550137,0.9721998772266824,0.28379137072729577,0.22735124271491836,0.6048325,0.11837355360784774
0.9539145317618127,0.7501946914602536,0.04961057796456089,0.9617481509627717,0.3277833209462673,0.23122421415887223,0.6854825,0.14105348610987958
0.7087398703662108,0.7517665763049294,0.001153121252070788,0.9524774660258389,0.2217322601952683,0.18992911664316203,0.48875500000000005,0.12089262787697189
0.5498957287864417,0.7616664158034039,0.04868777594207297,0.9232771340430305,0.33604328362874697,0.2435275179140388,0.6876325,0.1425334213219833
0.3179548258996156,0.9045965023332718,0.019123099563358142,0.9983230885806789,0.3544751803832426,0.23546994324186538,0.722225,0.1580614022302725
0.600072169935985,0.9649851016840802,0.03401537692938899,0.9450499251969543,0.40668440051651883,0.26569904043728393,0.7252974999999999,0.15661634730688234
0.2599487208698999,0.9855504389212133,0.028164410892276972,0.9385416502539916,0.37010005865858103,0.26608501306253596,0.70899,0.1516295729730846
0.26197468916516065,0.8077234564055372,0.01205127330130059,0.9683263518825458,0.35085222292009577,0.2390330647550441,0.724405,0.1621634313740308
0.25,1.0,0.039760357428090726,0.9090998155339104,0.18061124026909667,0.131517586574477,0.5524475,0.08797988971208136
0.8662372770631925,0.9175277176985477,0.028556369988061388,0.9549901931860337,0.33170936500707154,0.23989407607376445,0.69025,0.14662333545517234
0.339719800427423,0.8152841588521732,0.04226987987608691,0.9659776174930574,0.34670558791084427,0.24858567978981347,0.691125,0.1485261824561582
0.2635154300947105,0.8831595808805244,0.03945770888434953,0.9429735385187237,0.33514055173200424,0.23168018845527338,0.70041,0.14511019743629322
0.40587851665156066,0.8459434334224682,0.03442964033083311,0.9556535120789131,0.3444113318464182,0.23174595656740868,0.7052799999999999,0.1406632293813845
0.926196133906795,0.8694909787632827,0.01955028756125657,0.9786014104637949,0.3664255480811222,0.24263230503943764,0.721985,0.15395995347816913
0.9233973149442465,0.9535000877694085,0.03109767359607792,0.9982076605223713,0.39131743834298677,0.2745271347327263,0.7128675,0.16077419318332775
0.7557408540062395,1.0,0.032406728248543806,0.9004325814398503,0.016602076105210414,0.012646796651657478,0.324865,0.013476155794587713
0.25,1.0,0.05,1.0,0.1625012628420645,0.13462740131673817,0.5495675,0.09030312394236426
0.8571926227417273,0.9810272012682568,0.029706665380011966,0.9851729002107777,0.41336914221632215,0.2879719140640746,0.7179499999999999,0.15557449180376584
0.770187708038441,0.9905768697714096,0.0,1.0,0.47699084813352405,0.326320549520575,0.6832825,0.15721494503942682
1.0,0.75,0.0,1.0,0.06480191031897123,0.1674324691740525,0.2903175,0.06855527290989366
1.0,1.0,0.01184202519558168,1.0,8.144855433348977e-05,7.996032996872712e-05,0.2500075,0.010191476524527744
0.70208586375113,0.989121078210242,0.005131246224492575,0.9266656868250307,0.48673627096347877,0.33957231817158395,0.7491275000000001,0.17489958545905704
0.9974055208239598,0.9884630518655511,0.0,0.9632325828328319,0.48730487627285385,0.33487176954134695,0.6812424999999999,0.15930422920861204
0.9565844285202608,0.9892403591888819,0.02226185238435019,0.9975394128386833,0.4387108532814784,0.3367524894284199,0.7398375,0.1822793044855888
0.8792849354795509,0.9858105789916345,0.0,0.9804001394817492,0.4697561565565278,0.3501884554290003,0.6334424999999999,0.1589067979784062
0.809251837294505,0.9725584990388871,0.018144230907739745,0.9779963371234142,0.4157453857283449,0.2878063804562973,0.7268825,0.16015369943822716
0.8173284934019963,0.9885255124810517,0.0,0.9802422670385873,0.48200205620499587,0.330627011027236,0.6675200000000001,0.15341737874178402
0.31018591006399937,0.9902713085534383,0.0,0.9292058003728997,0.4591137668377183,0.33109504158552633,0.5253425,0.1326368969923151
0.25,0.9708936305644973,0.05,0.9101184863783576,0.31097714561903894,0.23913895851354003,0.6764375000000001,0.1502262704847258
1.0,0.9775687815357678,0.0,0.9587139325643295,0.43553357223016476,0.3304403727795617,0.5565525000000001,0.13117691677177812
1.0,0.9613739667929482,0.0,0.9906785578312287,0.44849043175509534,0.3145014446668913,0.4614749999999999,0.13193606169277602
1.0,1.0,0.00026513715135573337,0.9649362129784056,6.872646015039021e-05,6.442788666122147e-05,0.2499425,0.00971097027850462
0.3739877889115464,0.9589466483968666,0.0,0.950678842741436,0.3451985655056957,0.31732493823581254,0.34802999999999995,0.09895403781554343
1.0,0.9667872776158185,0.0,0.9119056640873445,0.515240969649234,0.3484411459707016,0.49170249999999993,0.1373072020825929
1.0,0.9666855464915075,0.02643826131300809,0.9864102767768609,0.4041346946286467,0.3117201439925111,0.7163425000000001,0.16971924299781094
0.6895797906123566,0.966921084023856,0.0,0.9272395464274877,0.4529533822070681,0.34216623092166826,0.4391824999999999,0.1291325983001581
1.0,0.942831515914903,0.05,0.9509040166065241,0.35550097805621095,0.27438218192839653,0.6989350000000001,0.15786734391570664
0.25,0.7859986979763683,0.0,0.9971969240344268,0.027289395241506878,0.11302120506834733,0.264105,0.04053947428124839
0.25,0.859460287544196,0.0,0.9325518188181735,0.0422599429071959,0.13850169645657195,0.2681675,0.048461564086913246
0.5899948847813055,0.8334742338641247,0.046755356467597445,0.9646058859339269,0.33013467355484194,0.24536012562969944,0.686605,0.14766613178044585
1.0,0.9695855695007407,0.0,0.9432143619279207,0.4922304795884828,0.32383296498883074,0.4972925,0.14486842545478984
1.0,0.89453409621394,0.0,0.962321863523721,0.23961527220384896,0.2824457605512723,0.3309524999999999,0.10540947060748385
0.25,0.9324738410725134,0.0,0.9161630772252934,0.1450156320563777,0.24009677057683443,0.304145,0.07885726963952024
1.0,0.8043633327745384,0.05,0.9452930855323082,0.3481553287027966,0.22651648158291124,0.7001075,0.13823584807766037
1.0,0.8765768605368994,0.05,0.9850326130471005,0.3752813713154511,0.23857612350166746,0.715755,0.14123720287162303
1.0,0.8228908843032006,0.0,0.9263313574597231,0.11253340593528777,0.22914300468577709,0.29721,0.07027859489204377
0.25,0.7523720079668613,0.05,0.9026191287209508,0.305999680006817,0.22033833606748576,0.6729900000000001,0.12691638940656957
1.0,0.7687918137429461,0.0,0.9038625292033681,0.09733394264399287,0.19759207853518,0.279245,0.06775409563266267
0.25,0.9489800551902268,0.05,0.9419274705308711,0.32681204625474874,0.22001188914098901,0.6858474999999999,0.13117557125375895
0.25,0.8754569303131274,0.0,0.9882328798230242,0.08459556173903646,0.18680815099070558,0.2769375,0.0544361538295093
0.25,0.7712830492634274,0.05,0.9388701479675766,0.2946779200494109,0.22553018195093827,0.66681,0.13875391489972452
0.25,0.8940760508132488,0.05,0.9178490446189593,0.32797307973786954,0.2203033153300875,0.6856949999999999,0.13302582258719545
1.0,0.8443444100701067,0.05,0.9232063213628708,0.3656048210932802,0.2385193968966916,0.7074799999999999,0.1418468614386656
1.0,0.9071628797082151,0.05,0.9078584601769424,0.3381087558678364,0.2352453132269374,0.6883750000000001,0.1413035805455757
1.0,0.7804688993991018,0.05,0.9105742102275689,0.34488510495978547,0.24800461531785323,0.6958950000000002,0.15010149557882493
0.25,0.8381282287741151,0.0,0.9853813172738387,0.062298917134003665,0.1720764023804422,0.2682775,0.04663385834080212
1.0,0.8616778241571528,0.05,0.9972426123074205,0.3571221251738285,0.23129576035001334,0.7047825,0.14282768969548587
0.25,0.8031837196311217,0.05,0.9067383017978601,0.30659777618740597,0.24046455310277323,0.6813775000000001,0.1499428599292077
0.25,0.9784479360739803,0.0,0.9103503917511867,0.39848544012780307,0.3000765482800929,0.3910375,0.09901546517463825
1.0,0.9462921133490306,0.0,0.9212356335552252,0.38575773529618096,0.3480165500040219,0.41105,0.12420375396903267
1.0,0.8016242333701961,0.0,0.9263020100660375,0.12272132886468289,0.21505130672577782,0.3020825,0.07925576915121069
0.25,0.9122380027316963,0.05,0.9953388376600595,0.30466926106060543,0.22016223483967695,0.6773325,0.1311266875725533
1.0,0.9287472413343343,0.05,0.9929205815864317,0.35115513800511927,0.244304498968152,0.6912699999999999,0.13974769085748787
1.0,0.8889276304155945,0.05,0.917585415508901,0.33882663863102136,0.2447970935767757,0.70021,0.15071259370072562
0.8457496963763336,0.9586100073059795,0.005541329183013804,0.9116467356366493,0.4021044371370548,0.2882695848763779,0.7082075,0.16072647010915783
0.25,0.7607797297759379,0.0,0.9897661766452774,0.017476539970406747,0.09163356340403223,0.2630625,0.03916899084416141
0.4785128427727224,0.9862348671722243,0.0,0.9549774994001557,0.5093517025555624,0.329605940782027,0.56001,0.1360782583662798
1.0,0.8530176598623725,0.0,0.9843673341692247,0.16461701767966835,0.24580083240668665,0.312955,0.08058421355948074
0.7468108624954717,0.7722274099878447,0.05,0.9894732784463569,0.33656161082782887,0.2508527782170441,0.6923775000000001,0.15023491186721546
0.5344118011227177,0.9887448272595164,0.0,0.9164137850591854,0.48333934763463426,0.33483181058370803,0.595005,0.13938827057898381
0.25,0.9852037340700392,0.0,0.9587018577218599,0.48975289008578465,0.3450655870355049,0.4470425,0.12715134463996045
0.25,0.8697741579150968,0.05,0.9177452156260701,0.31393168819005496,0.2003088412400189,0.6809100000000001,0.1271695104968168
1.0,0.9595067196035995,0.05,0.9036575341353138,0.34246256207920306,0.275493693851249,0.6929825,0.1616427494314236
0.25,0.8522704485601832,0.05,0.9036502691116742,0.3208684298719641,0.24373960700071584,0.68183,0.1453622495698247
0.25,0.959337563287692,0.05,0.9131381793309955,0.2932653472137056,0.22350986764019115,0.67437,0.13607475188292648
0.25,0.935057996004117,0.05,0.9557920530027146,0.3072846104424315,0.2388903698959727,0.6757949999999999,0.14503616092202662
0.25,0.7869302949936441,0.05,0.9263177809625697,0.3172592356522972,0.22403349080158594,0.6768700000000001,0.13661260227372876
1.0,0.9850724617848967,0.00982797967051114,0.9613306017819023,0.45856060157416123,0.3092934605807253,0.74458,0.1634262634951922
1.0,0.8211026608369989,0.05,0.9036274501531153,0.3231504152042172,0.23347376629436198,0.6839925,0.13935134083944078
0.25,0.8413380787478704,0.05,0.9235407576384983,0.3281439882819055,0.24245067231433884,0.68732,0.14638609086931723
0.25,0.986677304422702,0.007511582362600255,0.9832569292527806,0.38388595761250904,0.28065612691577857,0.7214275000000001,0.16902167314800193
1.0,0.9840499271932344,0.05,0.916733168024834,0.42771566674208955,0.2846399421039762,0.735415,0.16011672390790413
1.0,0.9853234526590063,0.0,0.923144857481825,0.4813393328298065,0.3657136820050701,0.64177,0.15845334360624896
1.0,0.9666516193603416,0.00865926530009952,0.9235628229581518,0.45742940518753267,0.31106513749987263,0.7485599999999999,0.17199469148784796
1.0,0.9854784532274599,0.0,0.9224765134031746,0.4782114528646477,0.34808682774448235,0.6502450000000001,0.15671632804210286
1.0,0.943863388701939,0.024128534671638717,0.9009800184903182,0.4297972652960756,0.2605525293284578,0.7382425,0.15843418963011108
1.0,0.970321092247004,0.0,0.983071685359049,0.49555841352820024,0.3346041457605142,0.5245725,0.12945123017472643
1.0,0.9747303459371779,0.05,0.9363838931711073,0.37948601502195173,0.2914624174113863,0.7008775,0.1673704610848342
1.0,0.8094707423288517,0.029061468466987553,0.9947100457395193,0.4013277470092597,0.2547268987013172,0.7356024999999999,0.16230303676687627
1.0,0.8584639118454618,0.031386403999908774,0.9689640629850659,0.3643840281345449,0.24386084265209562,0.7138825,0.14973226921325275
1.0,0.9700003232571703,0.0,0.9082396426744033,0.4523161324754532,0.3372835548777223,0.5160899999999999,0.13131149759255661
1.0,0.8962992404647913,0.029996713850386075,0.9089275963738415,0.3589128067006808,0.27527698168646597,0.7134225000000001,0.16191067828821543
1.0,0.9853661414921167,0.0,0.9160231433401875,0.47708601137820184,0.3174305178536389,0.6601775000000001,0.13782837060543812
1.0,0.9355560036987112,0.029137919441284327,0.942861191598725,0.40332925943494646,0.2761464231316782,0.7313199999999999,0.16831298256521984
1.0,0.875672644830575,0.031780352278871236,0.9260695759132098,0.3633601195766214,0.2573490051524671,0.71502,0.15923976293627165
0.25,0.9862313253065024,0.05,0.9895048374553195,0.35175840793576446,0.2534041091067221,0.6965175000000001,0.15056866687246057
1.0,0.7662503030405488,0.03224389172953384,0.9184171029495577,0.35801677441564245,0.248481334562004,0.70214,0.14817030033039685
1.0,0.7827185792707697,0.03112481850011415,0.9892173900989556,0.37559420648875713,0.2350915567661493,0.720925,0.14480936390648225
1.0,0.9843244169421052,0.0,0.9960330638076851,0.49706378133472706,0.3228523005403767,0.6340100000000001,0.15108783008568227
0.2711290695890528,0.75,0.027787083731539836,0.94195929762539,0.34952778444381466,0.2331675689049565,0.7083725,0.14853426370285747
0.25,0.986786403510962,0.0,0.9874409987670605,0.42750678708117784,0.34821390779261485,0.44223,0.11495492420944828
1.0,0.951127184788657,0.015731477211241327,0.9085259806242366,0.4413387366460141,0.27925893213163955,0.7515025,0.15734445889115384
1.0,0.9833113956667815,0.01149431588547883,0.9094810343150016,0.4164370149935661,0.3116806463879705,0.7195824999999999,0.16823586699556667
0.29782874013566063,0.9458297750653787,0.020343160141721876,0.9271267621612039,0.3378590451050513,0.25246594974176473,0.701755,0.15888443905870706
1.0,0.962020392170438,0.0160378993487278,0.9334547307140174,0.4102391393394001,0.30298799825073036,0.7254474999999999,0.1653355179438163
0.27193468671488263,0.8035407073159657,0.030190927364538652,0.9993110416077148,0.35368344762388687,0.21413680484040584,0.7112,0.1352894212420173
0.2662108390211462,0.8194304642839344,0.026611370103565454,0.9746048600403032,0.3522773210840835,0.22371069573550256,0.71561,0.13989455100181708
0.9805353895495927,0.9713234298930077,0.00011788291902024563,0.9251239412463759,0.4613719041210288,0.354632345727677,0.54301,0.13444114846281255
0.9877670227465276,0.9077510218964315,0.022171725702120528,0.9106663290227004,0.37303355644700514,0.2624995930569217,0.7261850000000001,0.16092522572611168
1.0,0.9863514730233983,0.0,0.9570469310290752,0.4799952049203191,0.3495917450486023,0.65262,0.15489812168002554
0.9782900959130418,0.8320040241410714,0.02914642169905133,0.9913226771925754,0.3370833043341339,0.22948752448319626,0.7097550000000001,0.1418788390670011
0.977988126044308,0.9841316878620394,0.00034541125500857275,0.9595118146616742,0.4284187613918115,0.3335098526108633,0.6474950000000002,0.14734711559782906
0.27571280782131435,0.9702818877146201,0.0007785039529326274,0.9995765103074223,0.37656865134870005,0.2806425185105994,0.48969250000000003,0.1276700109412935
0.9630304226269628,0.9637830812561712,0.0005978503672089754,0.9958090647362023,0.4722005914015232,0.3057511244554235,0.56864,0.1414421980881236
0.9882795940276031,0.9548299525418433,0.0005845192994868744,0.9198450061846696,0.4484697046482509,0.3078200318571013,0.5193325,0.1309899354673862
0.9698834816399066,0.7562876604673582,0.031588950914048,0.9541645212540758,0.35197417616152693,0.2294641613924707,0.7121100000000001,0.14181685513365466
0.9803139251501171,0.9648092491100447,0.00021538313291206708,0.93652377366788,0.44470093413128375,0.3445555737286509,0.515325,0.13436246453157966
0.9916275566471742,0.9869607203523728,0.03820875745209853,0.9019214402635403,0.4295742765283407,0.2848814433153087,0.734615,0.15426104263552737
0.995607247043576,0.9100097216458543,0.00024159958050221648,0.9286334893978375,0.2811057813184286,0.3034498042002769,0.40220500000000003,0.10952034274508093
0.9982095504183234,0.989026615831401,0.04999318398671503,0.9340526730308736,0.3593499344608351,0.2745873508273073,0.695625,0.15237499589827722
0.995360857224393,0.9776088268775522,0.030977470583453206,0.9137422846347493,0.43715217189049765,0.29357226232625233,0.7380525,0.1604746973630111
0.989745130070122,0.944032235086298,0.034415097279555724,0.9862981040168977,0.37968741945468215,0.25948286754914535,0.7130424999999999,0.14910693123979848
0.9723526862156171,0.8846313489028552,0.02400290466931942,0.9944539823625529,0.36307918373347875,0.2426236967391467,0.7229375,0.1525904480750679
0.9931700248991283,0.8460911925258081,0.030916071636984278,0.9018299866923619,0.3668888798801801,0.24806223749925216,0.7178725,0.14708523037256324
0.9971065839362507,0.815867499741417,0.024568104945391845,0.9659611288902341,0.31947581059862074,0.25526115136041266,0.6949000000000001,0.15816660519844256
0.9982973039136176,0.9291173982204164,0.02578550772081439,0.9356647911656981,0.3461799292724357,0.2617704721084632,0.6971675,0.15829569069861
0.2527838528968954,0.8950443223190228,0.01948115093139835,0.9877256941827703,0.3622857806313726,0.24443212225557806,0.7234999999999999,0.15173049298015212
0.9751894833522776,0.9729733302746476,0.0005398546939581196,0.9964384862301762,0.45260192113738457,0.324794088287392,0.586845,0.15541502815043337
0.99203859133582,0.792702598652849,0.049050652736657735,0.9174392583327289,0.34740070733714107,0.22505396839044348,0.7028025,0.13714323623040983
0.25679767358327865,0.9035469580045536,0.03645837668563732,0.99036734310179,0.32716017917133583,0.22907621731016609,0.6876124999999998,0.14009928120354506
0.9475719926930838,0.9875909001016571,0.00020326736098669757,0.9040612031267797,0.5256443253958212,0.33705294927801543,0.6915025,0.15969714694931153
0.9744297796522818,0.9218372735678686,0.04953939706273548,0.9947865516266649,0.3757198962786555,0.2708522680398614,0.7125524999999999,0.15508859079168266
0.9908671630025816,0.866886502407368,0.033858239492114924,0.9901211047146736,0.3547963821130405,0.24191831869238561,0.7109825000000001,0.15123940770761435
0.26127304553142194,0.7788395088606003,0.03572277393007308,0.98959651781186,0.35040800967116675,0.22943487243011906,0.7027249999999999,0.13857991151317708
0.992406961946808,0.9537157734535942,0.00019947177357573236,0.9030339810211965,0.42905419722407656,0.32852492329195915,0.46688,0.12120209610398658
0.27758242594621935,0.9261263376135308,0.03592275309796946,0.990586582912526,0.3401719907231231,0.25695903665478553,0.7005625000000001,0.15407099773724448
0.990950270541642,0.7927000276673631,0.026039981269867358,0.9812883147778756,0.37586738535026726,0.2606574172359267,0.726605,0.1580032799501327
0.9989341230818128,0.9727306442361812,0.03090513202555266,0.9399793433451175,0.42968012523180676,0.28357615371857126,0.7301875,0.15714745016623716
0.9983678692145117,0.9558108249282997,0.020118305401376824,0.9045532951616604,0.4226746693115716,0.2613962369022704,0.7312175000000001,0.1520294097987294
0.26174432441798634,0.9851047888821782,0.00013112750988887316,0.912779316220045,0.43165770453887603,0.3290756119976126,0.4688925,0.13261655135672168
0.9912344312719348,0.9803859906907425,0.04018229393722364,0.9697922223701878,0.3946652982106684,0.30142945373326185,0.7135024999999999,0.16777562023056267
0.9868281350100376,0.9795193944620044,0.0007900314132316734,0.9904792096787148,0.4696979606488164,0.32744551937957417,0.6406325000000002,0.1525478570604976
0.9830243795892148,0.9850674031076282,0.015533410892369507,0.9157980951051733,0.47485633355937934,0.3161237735388638,0.7522199999999999,0.16833403280382728
0.9972102816649508,0.9760396233376848,0.01157131645904274,0.917728062082992,0.40753396285920684,0.3095620038114537,0.7152425,0.1645855171142042
0.9868239160243905,0.9886889659269851,0.0006450416945206375,0.9580850962917581,0.4579361364203609,0.3216057491433261,0.701705,0.1540688660145196
0.9947554540691985,0.9409723656683271,0.013279428935005715,0.9268391924554906,0.4052614144370328,0.26704536809732793,0.7340799999999998,0.15982878683140905
0.695509863352194,0.9824403503392973,0.00017582033288924355,0.9001618340118853,0.48455700742571345,0.34375877633969004,0.5838625000000001,0.14606855357588094
0.6919158341497115,0.9852713968384166,0.0010800767879648346,0.9049406070980642,0.4700118618538836,0.3252004384274589,0.674795,0.15346396311512356
0.9862078914287947,0.9284411586352911,0.0001730078300785865,0.9603136488502511,0.34902084850072007,0.3001290394269278,0.4220925,0.12294261951719591
0.6733441159316643,0.9865577543877726,0.0013741277073265228,0.9729821735549989,0.5269776542964831,0.33716219610626913,0.7092274999999999,0.15907138961406603
0.6145715347379728,0.98340636804633,0.00020511138123645582,0.9959370342728823,0.4456351876546622,0.36579480641274054,0.5634975,0.1340195554527398
0.29391876837817843,0.9940257369024015,0.00011560837713816554,0.9185128711576244,0.4884521463516512,0.36069571992048644,0.6394475,0.15612142227686115
0.5823723398556429,0.9879364118353244,0.0008318506254207161,0.9013645972146169,0.44358023364584176,0.32322957520937934,0.6415649999999999,0.14467287504919504
0.25664216780040605,0.8257332821168876,0.04975260187839335,0.9475765690102171,0.316097544027268,0.2357951952111429,0.681405,0.1371964503002902
0.9822087237865941,0.8764768892083316,0.00024910733512262256,0.9494241907591697,0.2032745278486906,0.254855537789655,0.37655,0.09784710011032519
0.2634965471409936,0.9991947962078679,0.0008927850595974842,0.9786358192937057,0.40429107503791045,0.3141462835136765,0.7347225000000001,0.17560651822683007
0.2623102641897571,0.962654278068955,0.022318249912503585,0.9319507916780335,0.3061969959038616,0.25122459739658626,0.679955,0.15260834012268135
0.6744771139736422,0.7500933994545673,0.03294364193991245,0.9756890269364962,0.3451450444325114,0.2455103852971764,0.707825,0.14669549882324268
0.27735489424183163,0.898065179780639,2.6647390700873527e-05,0.9264399496436114,0.12980529928393386,0.21839392151652237,0.2904075,0.072369573673955
0.26175281156971303,0.9917425668052984,0.00024042317595279755,0.9297691622780492,0.4713194733671321,0.3483277761306931,0.5711875000000001,0.15173689760157216
0.6714683460343728,0.9842896473168153,0.04980329267410631,0.9270697483681366,0.3975787453590505,0.2764634890033836,0.715035,0.156613046311602
0.6029901271039307,0.8932576983112799,0.030344068639387736,0.9262190790658714,0.363589198712389,0.2463841795712505,0.7156575,0.15267110546449186
0.5078489534791328,0.7889669285504002,0.02934279772140452,0.901226280507356,0.3500758742286641,0.23710957260806662,0.705155,0.14139000486243714
0.5483505396610889,0.9904432619559475,0.00034466737035760987,0.9938647493430182,0.48810548141303706,0.34535342689035736,0.6454099999999999,0.14461345684271573
0.6917390190565047,0.9867172096114126,0.015194021305837606,0.9401372617687621,0.42139474595433796,0.32192298013995,0.726595,0.17156526739115932
0.25275339081360754,0.9942843025391421,4.5036479849874815e-05,0.9826163393661428,0.49931475194470437,0.33314418899522014,0.6231925,0.140833222975795
0.25146945522604597,0.8634178337043628,0.033797302034276104,0.9696272855754333,0.34350267355889863,0.22436214199217597,0.7020675,0.13205703008075714
0.40383068801512106,0.7622084617167622,0.031034964189039085,0.9089826743704331,0.32578747207254,0.24237732455898608,0.6917075,0.1501373810673078
0.2686381788088999,0.8179856570451796,0.0008713651025438309,0.9005232570502072,0.1832593870561752,0.1743549467454161,0.4353425,0.11102267310666772
0.9989455886545165,0.7641988587188339,0.049639486404172116,0.9109271023014838,0.34009930316439635,0.22687943520406348,0.7007499999999999,0.13523172704657735
0.5922305411943392,0.9396746437956863,0.03310763379049463,0.9227298391156186,0.3508372273570949,0.24010237561486586,0.7054624999999999,0.1446749972999827
0.2570842312813847,0.9937958493391895,0.0010076011147397482,0.9668347369668518,0.4558234774819243,0.3340705564662806,0.64673,0.15545644759867633
0.624214007910046,0.8075213231302526,0.0305079606829499,0.9350291542874481,0.3456577685337241,0.23170421265376367,0.7117825000000001,0.14439288917308218
0.264154536828814,0.8307313320967366,0.029732162035527834,0.9015723654779104,0.32225178836859625,0.2220414580580929,0.6909174999999999,0.13542642631240773
0.7454520503446637,0.9849945399041439,0.0002765617995519776,0.9064363340116762,0.4671257313484088,0.3364371922954622,0.616945,0.15948425306280242
0.26237057985376744,0.9940241498125211,0.0001101661345348837,0.9615548589101148,0.4843556788862506,0.33882919976426956,0.6107499999999999,0.13967418336972656
0.5392607846059465,0.9902383630483608,3.128485574852014e-05,0.9891416721875824,0.4644183505581189,0.3313138820682509,0.6352774999999999,0.14661552354287047
0.7901218670791716,0.8515887068526625,0.049906490842784576,0.9763174708268453,0.37355260955861935,0.24546332936989693,0.7185349999999999,0.1472647064812204
0.2568027052936282,0.9917307386006349,0.013095795235389566,0.9416675152074773,0.4455250521417622,0.28153219688025255,0.7410675000000001,0.15646827695654478
0.7250879586526782,0.9725957194396326,5.2191543801061184e-05,0.9469553470743134,0.45901725127679327,0.3235688833745866,0.4829175,0.12496020143929826
0.25152069139275346,0.9917689527938255,0.0002506032522780866,0.9087009207475255,0.4752602151318308,0.33352149928420055,0.55568,0.1467408433259125
0.5990227089954118,0.8744156584095634,0.03630768523814475,0.9925085639182422,0.353193965302618,0.25434750483400703,0.7082624999999999,0.1534311974265664
0.2600577382541192,0.9154384543076757,0.02706059227704399,0.9413981429377885,0.3267211765260549,0.249675373618003,0.6912125,0.15173934425108737
0.995632181832731,0.7764607317845269,0.02980666264917158,0.9340482418136606,0.3634290427063918,0.23451625494131154,0.7133799999999999,0.14574929879762713
0.7160121418251324,0.9806005790081355,3.6583097965636754e-05,0.9575716837928269,0.4930121938094986,0.34923835302320333,0.55698,0.1350395760508748
0.9995866513587232,0.9390169773682242,0.0015967230032913064,0.9963859459793716,0.3644919287983511,0.28864862476231534,0.5787,0.12855779828544045
0.6948556163380595,0.9867644863361064,0.0003724059223338906,0.9021484681823992,0.46895189491516603,0.3552244942357635,0.6362475000000001,0.15707554709040486
0.9977921783564736,0.9640991540159162,7.712695741022294e-05,0.9773033831341171,0.46028498716509175,0.32779579811570125,0.49301249999999996,0.13612054802178106
0.9645006706957113,0.9778366382265461,1.0814728639924057e-05,0.999691893448596,0.4656685902605394,0.308163058497259,0.55769,0.14418800712958063
0.9657509263587178,0.8355637856819238,0.049627397821553995,0.9472093428440423,0.3323062991535938,0.23554655188862947,0.6857875000000001,0.14150548962407783
0.6263817968407044,0.9886560443193967,0.00018289086286100715,0.9959150714812002,0.5298569847761653,0.34466272359634326,0.6526975000000002,0.14899282614861026
0.5143122715378666,0.9255086621663907,0.0498545190600009,0.9359802601462336,0.31267122961102944,0.2395219431284848,0.6831475,0.14335727046002933
0.7279502698286655,0.9506066825220022,0.013108867377266223,0.9983402765202773,0.37914874945200194,0.257932274636581,0.7205325,0.15217255893803588
0.2855306373338548,0.9923457072584618,0.00013985616959116823,0.9822904556274752,0.5012731018539713,0.34011117409078967,0.5868375,0.12797518253063755
0.785222287352471,0.9658159093111857,0.0003993217089179103,0.9019150106354595,0.4505444257549248,0.33074424430655014,0.514275,0.1384770265242578
0.749509038592491,0.9729055615871263,4.639078857420766e-05,0.9972085877989236,0.4953924088980963,0.3248351574113973,0.5174799999999999,0.13361775555666244
0.7995318005617643,0.9802077233624709,0.0003595094712667336,0.9952323847201288,0.5191971856512972,0.33570346906591797,0.60397,0.13883035186874662
0.8087326442510258,0.9836633412540676,0.0005046524596021119,0.9745542477630776,0.47174011588860637,0.32308198034516683,0.6230975,0.1472624841694245
0.7584030406689075,0.9808703908782116,0.000632500077032472,0.9993547167301072,0.4936508125425901,0.3411289871213386,0.6237625,0.13609188015363002
0.6987585745052342,0.9788945171642016,0.0003912127250666865,0.9067503441248415,0.47569080926469537,0.3445163129135543,0.5830299999999999,0.14362078227053354
0.6057762260981784,0.9895734910858648,0.0004597282105057833,0.9929080350031179,0.4786826573335776,0.34226822534406853,0.66742,0.1534775915239746
0.6740521632214196,0.9844295479099958,0.03650228128439928,0.9947048481472969,0.4010928124761226,0.28732995024419566,0.7200524999999999,0.15908342463547231
0.6348438927410419,0.8590013652967112,0.03677226179123473,0.9064249562716663,0.3766181059764382,0.2377147570433829,0.7237625,0.14337708095699953
0.58497919342218,0.8836502202293712,0.04952342979632943,0.9971563014727606,0.3351732301473709,0.23857035908709864,0.6889975000000002,0.1417317316049938
0.613539654903428,0.9766983009285912,0.04906471866375328,0.9867040393759724,0.3991879391156946,0.26484392290687153,0.7200475000000001,0.15137950321542873
0.6714189341799617,0.9036923213069777,0.030629353379766723,0.9996306882370203,0.35350086755664845,0.2406588064643949,0.7105724999999999,0.14373955090283952
0.7799125653211447,0.9857548560620545,2.665196290762007e-05,0.9940649624173944,0.46998661069607045,0.34750100709776005,0.6112575,0.15355962992840924
0.27728795223763303,0.7500693266417986,0.000575054027865385,0.9467985921286793,0.15292360603410254,0.17378160074581903,0.3858475,0.09744723184241819
0.9887702965237275,0.8007337418746595,0.032338090807832384,0.9002117197821131,0.3618348267674438,0.263380617324614,0.7119975,0.15882680423577752
0.9924252487792721,0.89738547873043,0.048380022804004365,0.9956021448350022,0.3493963760138496,0.24247593317387423,0.6971525,0.14944474060250498
0.2768510468208905,0.9930305362583951,7.18017078588651e-06,0.9124680284484427,0.4849037411639228,0.3651718040293113,0.5797249999999999,0.13669299314522307
0.9975191951892268,0.9668579616626525,0.049682033965147504,0.9773928753164143,0.42317966507793064,0.2801930092791949,0.7277850000000001,0.15610886834193627
0.9920646764866343,0.9804890215974156,0.0007681234072919431,0.9142814418364139,0.482243591405979,0.3106410577377528,0.6477924999999999,0.14362503505221505
0.2515049463752788,0.9998883917855701,0.0013136306624780996,0.9073346930063353,0.2586286091767617,0.2030596290820903,0.6798274999999999,0.1408247723014314
0.6038495806740058,0.9865860701944976,0.0008017275924560365,0.9969640852430331,0.486472887875521,0.34699494291357114,0.651885,0.15091195040486355
0.9651090482397743,0.9696592113174481,0.0004390704217692166,0.9925205276095439,0.4404216283708514,0.3414143922309335,0.5577275,0.14263956146087242
0.3917237073543593,0.9903739122944669,0.0002386045698167139,0.9896635947797672,0.45974790711514585,0.3093655441249521,0.6158,0.1303738854218896
0.995164353352732,0.9743726496022133,0.0003076299063244471,0.923337897739017,0.4452449108174331,0.33629802815403326,0.571265,0.1441174339731318
0.9931796615570285,0.9190633984991872,0.009688720024040446,0.9998737310446506,0.40574237441112665,0.2601196318443393,0.7398724999999999,0.16108590097755296
0.2500703753989221,0.9912006956184707,0.020486796165492635,0.9931519773313147,0.44218883281746957,0.30866388216668,0.7413124999999999,0.17234947372635054
0.26735877311763656,0.9908444712613156,0.0004344491435008925,0.9619014887271672,0.5102692090296156,0.31878470031940215,0.5823575,0.13769625428365873
0.6139967312626422,0.987657001856003,0.009067836431456668,0.9984688256435093,0.4313529031991827,0.29562201215216033,0.7318100000000001,0.1584835287971592
0.9914468066166976,0.9508442962964881,0.04927550392890496,0.9347446079014775,0.3656642443473244,0.23554174135602138,0.7046375,0.13874262987182417
0.9594766371026413,0.979632503378268,2.7349714207230986e-05,0.9951580615757947,0.4388126677621863,0.31993830268460255,0.573365,0.12989531082760455
0.2786433371630049,0.9909484305817753,2.7207072002050087e-05,0.924695763602984,0.5320992195910901,0.3668257748754788,0.5487000000000001,0.13727894958805592
0.9999144304847575,0.960766156900361,0.0006017248986819381,0.9660277384725052,0.47858788739495806,0.31220425982771016,0.55852,0.13982176010907602
0.2638022549783162,0.9912196274192883,1.79438420811362e-05,0.9036960740311768,0.5062456043573746,0.3443315415519815,0.5278,0.1305164644786243
0.2502986178317076,0.7965726597526926,0.024108489023855352,0.9142687530954788,0.35388789781393803,0.24597742369191344,0.7120975,0.15619959745066567
0.2633686480786246,0.9903951286059274,0.0004498227492086616,0.9614149349989922,0.5322387133689114,0.33990791735325915,0.5856224999999999,0.15533518997236268
0.9887938344705833,0.9785873272974726,0.04818822022026179,0.9751994603543557,0.38168764401484806,0.2810043949406237,0.7064649999999999,0.15867477359366233
0.9872581306424173,0.8531340350323704,0.03712527540728457,0.9957826246217947,0.37060443476614546,0.258974731108864,0.7159899999999999,0.15747878396787293
0.28044231728942787,0.9918267677784882,7.192675522444405e-05,0.9882307757528355,0.4954251235068981,0.3493946792598551,0.562535,0.141051511069538
0.25436311993530153,0.9916890184728814,8.173212220417006e-05,0.9775761015124271,0.4456550216301784,0.35466298321217055,0.532165,0.13093999684970212
0.2566763391267226,0.9907155547892375,0.0003959009051289432,0.9692963292379576,0.4675310976589092,0.3501022009968328,0.5584125,0.14848917837253328
0.9890113619848447,0.813198305545333,0.04913252459698689,0.9502772805193807,0.3587959644962183,0.25131648883842245,0.7033450000000001,0.14946763353649514
0.9895157313542008,0.9499030203679968,0.00042807682271368006,0.9931972443416348,0.3768512571161972,0.31210240838979464,0.50158,0.13169387267447183
0.32172142188449937,0.7501684393060792,0.04996977924374729,0.9857855441399113,0.3415251123074713,0.21860235607809553,0.6915749999999999,0.13021588564764286
0.995315948207395,0.9608650246858297,0.015821742845184988,0.9946791164914541,0.43557449419649735,0.28526920422838664,0.74302,0.16179000154521292
0.9969881521372976,0.8422209807568292,0.021363242459924887,0.989264242311326,0.3641753027655332,0.2527273018731815,0.7267275000000001,0.16188616214411286
0.9836424142245237,0.9140747355848619,0.048948963412346135,0.9867614362988456,0.3565729284885033,0.25337814076254517,0.6995475,0.15453339119345696
0.9972562885053381,0.9611911112830955,0.030959231364854428,0.9934173951044625,0.4063364173958919,0.2887665679475061,0.7231574999999998,0.16072442702884338
0.9973509820510812,0.9224610188881,0.0006593267918651004,0.9291697907767674,0.33397430049403887,0.277138235190567,0.46064499999999997,0.11992573316432134
0.9857178959174104,0.8705114015427445,0.04951616673635883,0.9133581738970892,0.3582762385319954,0.2520617034385863,0.712215,0.15142435000685986
0.9923860625131438,0.985212927827035,0.024153829885045025,0.9831423685209381,0.4384239241460716,0.2919222995774801,0.7362875,0.15830450433815835
0.3924735495692829,0.9903775063147565,0.0003583249385869681,0.9035022590681375,0.5022818351334388,0.34155011101619986,0.6160700000000001,0.16048124532168861
0.25176511875259666,0.9887156902031369,0.00033312199455688983,0.9483224981028988,0.4700669725569412,0.3133342460220551,0.5076225,0.1278391225085263
0.676566932113018,0.9875928765655203,7.134763307019566e-05,0.9046932511715264,0.4596219589051323,0.33993186268412273,0.6205675,0.14249532165565998
0.9949048679243989,0.9156343113221833,0.023498647092063476,0.9946207467687417,0.3913118566222938,0.27546660081358065,0.7271425,0.16948469235818908
0.274117542060264,0.9502323836552954,0.0006912086116974472,0.9116959837687678,0.2957104921357998,0.2634209350118454,0.44961249999999997,0.12086835232495725
0.9930315194716831,0.9841724332062497,7.862158395213206e-05,0.9811683833994136,0.4691019377893484,0.31884659394429576,0.6189425,0.14023352111299922
0.2545930832649143,0.9917440434147138,0.012891166335088947,0.9716064155202864,0.44841951446621736,0.32037769644315306,0.7429574999999999,0.17841739529471334
0.2524329723704906,0.8827478624917475,0.025093427387713547,0.909226465258759,0.3350988163812573,0.23915014066168894,0.7044399999999998,0.15663477072476598
0.26519092152647106,0.8504422530509576,0.027449895634900235,0.9874293462118144,0.3539145208532959,0.2277444269710484,0.7123425,0.1446488729432414
0.2615241223256617,0.8109020771348666,0.027794024512137024,0.9010230393023588,0.35413680784933843,0.2423795992534654,0.70904,0.15020433049682688
0.999538611393084,0.8850301743242878,0.03433276220062976,0.9906253584953305,0.3695807169572285,0.24980817804973432,0.7218625,0.1594058965149972
0.9951013067257538,0.96504493763506,0.0005965350087896395,0.9050492997800961,0.42894202011797816,0.3244434932507825,0.5503625,0.12415236543759446
0.6251234199090305,0.9906964821014188,6.40718477819824e-05,0.9049990181609646,0.4738851436675715,0.3512075795045893,0.6581375,0.14828220508122342
0.3386386017390357,0.9861799594314147,0.0002750440418610334,0.9909268359911577,0.5002749116796049,0.341161284451605,0.5382574999999999,0.132168008397456
0.994181605879938,0.7500838436910703,0.03422583123516303,0.9801830480844187,0.3502107273575351,0.2313959572057554,0.7043474999999999,0.1408137084723998
0.25629527538185254,0.9760752689385708,0.024545660381823098,0.968727169037018,0.3574388843730474,0.2695646345699234,0.702605,0.16019978612657385
0.34721415872416417,0.9886996563608104,0.00034855055321506576,0.9949331303469421,0.4821716592646952,0.3434663786622175,0.57424,0.14183941588994226
0.9948173117175632,0.9378954668174804,0.048579055369993136,0.9730324885816711,0.3493030530175214,0.27293535452426854,0.6926525000000001,0.15781432284095762
0.26080883729355137,0.9872540946387196,0.0005374990461466113,0.9710506014139761,0.4812551472098242,0.3378182585470223,0.5347,0.14094312682780952
0.9913513274682655,0.9817176356085502,0.010264907214582557,0.9989253403342084,0.41943342181034,0.34879692985540633,0.719905,0.18419366431829298
0.9979510183539255,0.9679687069128706,0.04977162145873021,0.9173352031587684,0.364994555187104,0.27802871898524795,0.6983449999999999,0.16001214321107007
0.257222146811195,0.9915154101802071,4.2060540898142276e-05,0.9066557181548914,0.4673788322883695,0.33593449971711675,0.5289174999999999,0.13293557441012543
0.47071237386485687,0.9874639343140096,0.0002348859855429209,0.9964241468353946,0.48261822857653996,0.3439791357852361,0.5964975,0.14464862164483283
0.2819003559045826,0.8610625466464186,0.048579980294745945,0.9817715179284836,0.32720000223332846,0.23227969008740068,0.6867375,0.1404241515685603
0.26842342128719265,0.9895832409646557,0.039558189726037654,0.9028959045779794,0.3676628150306749,0.2754650688007029,0.6964275,0.15383865246988482
0.9975054051852759,0.9618327905540565,0.00047138140680392246,0.995104791642829,0.41417463417127837,0.3370590781949287,0.5399075,0.13934214256193278
0.9922369338228579,0.9505515691758245,0.027423083007962198,0.9992286013722995,0.4033536092244421,0.28811451994853216,0.7285149999999999,0.16342369710357185
0.999512885325355,0.9235640570617608,0.020129248584168813,0.9999581978359877,0.36542607021942275,0.27492342385344853,0.716735,0.17039445347487106
0.6116288179580489,0.9727792934889123,0.00012012687753172882,0.9857885849821582,0.4536618807930138,0.33312690661146355,0.48646249999999996,0.12152638538091225
0.9998530994826764,0.9002530984066027,0.01986425800911424,0.9926875810938872,0.35095000124821574,0.25783513531379754,0.7062149999999999,0.1605661196361175
0.2788750029268122,0.9886553442014729,3.9287383383435076e-06,0.9975537817210505,0.48668914687252857,0.31887943435495913,0.5061224999999999,0.12927152139489193
0.6672185859470103,0.7862154668274374,0.049531797661280505,0.9955508336970885,0.3285270284510256,0.22575659318210606,0.68963,0.1427241591322226
0.9917084995563493,0.8232425235920391,0.033403415091617025,0.9946372300445783,0.3648936547020596,0.23666703892839674,0.7122125,0.145969563929437
0.9944709424474557,0.8541967789034287,0.049683978639426384,0.9049086013195521,0.3276691569666907,0.24924141692302462,0.6851675,0.1524757708416324
0.9979183853773245,0.7571614419657775,0.049473375288685874,0.9927123738083661,0.3806316738254505,0.2412793673403202,0.7213200000000001,0.14434415506005085
0.9680987088983098,0.7674135959456654,0.028377621400257343,0.9999016574203636,0.38844717495635356,0.25097678151060393,0.7357549999999999,0.15493565591883618
0.9788458108370144,0.7824450834507434,0.01588213032235227,0.9893091530443603,0.37312890783780395,0.24761310688799312,0.7353574999999999,0.16070654449570496
0.27684973671397284,0.814049591812642,0.049904270011546,0.9742759225945213,0.31323243752161517,0.22562754195026666,0.6758299999999999,0.13660879766691456
0.252286159733694,0.966748400990971,9.647094706417561e-05,0.963441842430862,0.3278126910030958,0.2872366656308265,0.35393500000000006,0.09686609713929843
0.9628328079274435,0.9699052168857228,0.014220090854875425,0.9947333628213554,0.4528539335276364,0.2999242752582878,0.748065,0.165225083673757
0.5118283497357359,0.9844611672326967,0.0001521306512849097,0.9005381708126919,0.46183336471454567,0.3466717286074385,0.5539375000000001,0.13159409121898294
0.2640887989256372,0.8823112403885187,0.04968367627162634,0.9985822228284379,0.32734150540435963,0.23482684019391392,0.6885974999999999,0.14028368309874817
0.9780853497289383,0.9790394084137402,8.544412373936996e-05,0.9111639441316545,0.4809018491603081,0.35414894107912137,0.5858074999999999,0.14191030333894014
0.537553818914753,0.9522721328288798,0.03156749160732923,0.9008216376200736,0.35312343797422274,0.2561036230628481,0.7010650000000002,0.15242117889256726
0.2651726873322595,0.7934191192045034,0.049591862121358875,0.9981398225875721,0.3233574715359711,0.23007730432901485,0.6894225,0.14110338494788138
0.25779168804026215,0.7577956789301823,0.03883125494782786,0.9993584770149686,0.3420312510916177,0.2253543023247838,0.7072624999999999,0.14028444262907414
0.9923311108718922,0.9459670857933178,0.014815771088951178,0.9978296439229626,0.3841243942873502,0.2723868373400828,0.7173750000000001,0.16033000148131976
0.5787139577831799,0.9898585562374246,0.010382496495029328,0.9995668167966942,0.4663810134125634,0.31841346637548645,0.7458724999999998,0.17064649130219467
0.6730174991782917,0.9879223994223557,0.000956360705149756,0.9989806929347188,0.44351888521713334,0.33682695846934724,0.6664,0.1572026399269427
0.993412284359769,0.7882583491932548,0.029852391152836485,0.9842276567607295,0.3720144806401812,0.22636242921654137,0.7237224999999999,0.1399987294361988
0.25471104436535086,0.9933473608880247,0.01507950642392452,0.9964069673327469,0.4458772797526548,0.3087351831419429,0.7390675,0.1694144745697663
0.2814084806401014,0.9892277207199918,0.00023851623737410903,0.9882676336258572,0.48081596906637986,0.33518716994270664,0.54264,0.13895636149525506
0.9872477087494393,0.9758975675994926,0.00012152162740908804,0.9380683796584617,0.46664087706929186,0.33508025857363594,0.555055,0.13885968448401428
0.6526734475618615,0.9810685947802023,0.0001440056440095594,0.9952210860306613,0.47050917270220916,0.35577316694407585,0.5563175,0.13487173700872246
